Nome,Email
Adambury,valdezsara@example.com
Lake Toddborough,sandersjulie@example.org
Richardport,tracyreyes@example.com
Westton,aaron45@example.com
Leeberg,pmoss@example.net
Lake Ianfurt,savagejonathan@example.org
Robertport,garrettmartin@example.org
South Danielleside,rrichard@example.org
East Brittanyville,tonyadavis@example.net
Huntview,connor71@example.org
Port Robert,fullerscott@example.net
New Brandiview,kristyharmon@example.com
North Robert,jacquelinesmith@example.net
Lake Gary,davisthomas@example.org
Melissafort,savila@example.net
Ashleyland,jessicalewis@example.net
Allenside,owensronald@example.org
Port Stephanietown,qcruz@example.net
North Tina,jeffreyfranklin@example.com
East Derrick,floresshannon@example.com
Catherineview,williscarrie@example.org
East Sabrina,colederek@example.net
Lake Jameschester,stevenlewis@example.com
Lake Judith,wellshenry@example.com
New Brandi,ramireznicholas@example.org
Debbieton,kellykaren@example.com
South Oscarborough,thomas02@example.net
Port Dawnfort,waltersjulie@example.net
Lake John,stuart33@example.net
Marybury,dillonjared@example.net
Wagnerstad,cynthia12@example.com
Danielleshire,stanleyemily@example.com
North Kimberly,christopher39@example.org
Hendersonton,wsanchez@example.org
East Paulchester,durhambrandon@example.org
Laneshire,douglas13@example.org
New Stephanie,krista66@example.org
Amymouth,zmendez@example.net
East Faith,timothy13@example.org
Michaelville,tapiasusan@example.org
Stephaniemouth,michael43@example.com
Savageberg,dominiquemercer@example.net
Alexfurt,brandon02@example.org
East Willie,ybailey@example.net
Zacharyfurt,louisnash@example.com
Jeffreyshire,hendersondylan@example.org
Lake Michaelfort,melissa08@example.org
West Phillip,jeremiah85@example.net
East Benjamin,nicole71@example.net
Port Shannon,shannonolson@example.net
North Rebeccafurt,randysweeney@example.com
New Lisastad,opeterson@example.org
North Randyberg,breannamiller@example.org
Brownville,phillip50@example.org
Wardside,romeroerica@example.org
Christopherport,ryates@example.com
Patriciaburgh,showard@example.net
Meyersland,sarah45@example.com
South Lisahaven,derekcastillo@example.org
East Michellefurt,bianca79@example.org
New Matthew,michaelpeters@example.org
Kramerside,oneilledwin@example.net
Kingtown,kyle66@example.net
Kevinmouth,juliafowler@example.net
Autumnmouth,wilsongeorge@example.org
Dannyport,shannonalexander@example.org
Knighthaven,nfox@example.net
Port Laurastad,wolson@example.org
East Larry,alexandralane@example.net
New Samantha,ryan14@example.com
West Michael,duncandaniel@example.org
New Jamieborough,qsampson@example.com
North Christopher,dmoore@example.org
West Elizabethside,robertmiles@example.com
Lake Kristina,reginarivera@example.net
East Shawnbury,lauren41@example.net
Port Stephanieborough,michelle34@example.com
Michaelview,donald07@example.com
Walshmouth,odeleon@example.org
South Krystal,ygonzales@example.net
Martinview,klambert@example.com
Port Eric,brendafox@example.org
Apriltown,russellcameron@example.net
Williamschester,angelamora@example.org
Blackside,justin43@example.net
Whitechester,ihodge@example.com
Alanshire,qmosley@example.org
Martinezstad,prestonmichael@example.com
East Karenshire,haletimothy@example.net
Stuarttown,rwilliams@example.org
Marieton,tonya01@example.net
Mcmahonville,moorekendra@example.net
Port Joseph,stacybridges@example.net
Westeeee Matthewview,qelliott@example.net
