Nome,Endereço,Email,Telefone,Data de Nascimento,País
Sarah Waters,"7421 Thomas Fort Apt. 823
Adambury, HI 02529",valdezsara@example.com,564-205-8212x08333,04/02/1949,Taiwan
Theresa James,"3928 Virginia Pines
Lake Toddborough, CO 71869",sandersjulie@example.org,(261)749-0241,12/09/1991,Pitcairn Islands
Monica Reeves,"19187 Ryan Burgs
Richardport, SC 03417",tracyreyes@example.com,487-385-7476,29/07/1972,Aruba
Theresa Williams,"3972 Coleman Hollow Suite 516
Westton, DC 68811",aaron45@example.com,385.991.7298,08/10/1994,Yemen
Riley Harrington,"968 Jones Islands Apt. 842
Leeberg, SD 12107",pmoss@example.net,391.324.0219,18/06/1956,Togo
Kevin Howell,"06369 Tara Plains Suite 669
Lake Ianfurt, CT 28434",savagejonathan@example.org,+1-911-364-1985x2826,20/10/1990,Anguilla
Jesus Phillips,"37617 Melinda Land
Robertport, AS 42128",garrettmartin@example.org,+1-240-998-5702,20/08/2003,Seychelles
David Ford,"401 Austin Land
South Danielleside, ME 36154",rrichard@example.org,+1-440-414-9506,13/07/1978,Romania
Benjamin Allen,"19227 Bryan Light Suite 071
East Brittanyville, MI 62559",tonyadavis@example.net,001-430-218-9958x2168,07/09/1973,Brazil
Charles Cooper,"481 Schwartz Track Suite 660
Huntview, AK 78188",connor71@example.org,001-479-539-1192x4786,17/08/1982,Poland
Nicole Schultz,"0811 Potter Forest Suite 598
Port Robert, MH 35244",fullerscott@example.net,7808351976,26/03/1977,Algeria
Mary Hall,"23445 Kathleen Way Suite 668
New Brandiview, CA 46885",kristyharmon@example.com,(247)734-9508x716,19/02/1958,Mali
Victoria Page,"395 Newman Keys Suite 854
North Robert, GU 31025",jacquelinesmith@example.net,442.803.3021x26728,22/08/1965,Togo
Patrick Jimenez,"005 Sandra Stravenue
Lake Gary, IN 86297",davisthomas@example.org,(928)697-6379x588,20/06/1971,Faroe Islands
Alexis Moore,"PSC 6637, Box 6170
APO AA 62433",murrayjavier@example.com,+1-265-805-6696,26/06/1965,Italy
Brian Goodman,"4009 Evans Rest
Melissafort, PR 22900",savila@example.net,(213)609-4772x1551,27/09/1979,Hong Kong
Kenneth Fuller,"2735 John Ville
Ashleyland, KS 41327",jessicalewis@example.net,001-853-201-0921x5377,09/03/1993,Faroe Islands
Joseph Stewart,"813 Wilson Fords Apt. 614
Allenside, MN 15117",owensronald@example.org,001-282-312-9760x9573,27/12/1943,Ukraine
Rebecca Olson,"29528 April Isle Apt. 483
Port Stephanietown, NM 15373",qcruz@example.net,738.915.1283x7048,05/12/1969,Indonesia
Lance Nguyen,"0655 Jeffery Harbors Apt. 139
North Tina, OK 58613",jeffreyfranklin@example.com,001-718-838-5413,10/09/1981,Korea
Scott Martinez,"433 Jenna Mount
East Derrick, OH 35973",floresshannon@example.com,400.229.0254,05/12/1938,Gambia
Alexander Santos,"08239 Omar Meadows
Catherineview, AL 26614",williscarrie@example.org,+1-305-697-8567x9088,29/02/1964,Venezuela
Dale Myers,"301 Morris Spur Apt. 801
East Sabrina, WV 41770",colederek@example.net,347.586.9987x73897,10/08/1948,Israel
John Brock,"Unit 7845 Box 0229
DPO AP 02193",maynardamanda@example.org,+1-391-683-4586x03356,12/03/1949,Kuwait
Brittany Chen,"1219 Christopher Courts Suite 878
Lake Jameschester, HI 73565",stevenlewis@example.com,745-381-8385x0828,09/11/1935,Cape Verde
Heather Reilly,"466 Jones Trail Suite 731
Lake Judith, OK 97956",wellshenry@example.com,549-429-3830,02/03/1983,Montenegro
Keith Hardin,"18640 Samuel Expressway Apt. 907
New Brandi, UT 24672",ramireznicholas@example.org,(870)374-5812,04/12/1959,Romania
Ashley Simmons,"04442 Stein Overpass
Debbieton, PA 84748",kellykaren@example.com,635.498.6643x73040,21/10/1986,Maldives
Lacey Galloway,"06720 Andrea Turnpike
South Oscarborough, GU 35061",thomas02@example.net,933-242-0951x6023,04/10/1966,Uganda
Brooke Carey,"0884 Jennifer Mills
Port Dawnfort, NY 62372",waltersjulie@example.net,312-607-0409x5847,30/04/1982,Brunei Darussalam
Julia Murphy,"7939 Guerra Corners Suite 166
Lake John, AK 54115",stuart33@example.net,228-786-4464,02/10/1989,Malaysia
Robert Landry,"533 Dalton Turnpike
Marybury, NV 29356",dillonjared@example.net,001-740-896-0219x25309,10/06/2004,South Georgia and the South Sandwich Islands
Leroy Howard,"1744 Hunter Fort Suite 314
Wagnerstad, CT 01425",cynthia12@example.com,001-247-269-3878x1193,06/08/1965,Israel
David Walker,"60225 Carlson Loaf Suite 662
Danielleshire, MT 30201",stanleyemily@example.com,+1-852-542-1242x6498,26/05/1985,Benin
Hannah Parker,"891 Abigail Turnpike Suite 906
North Kimberly, IA 89268",christopher39@example.org,001-903-437-7939x1759,12/11/1960,Saint Lucia
Timothy Gonzalez,"327 Evans Square Suite 834
Hendersonton, ME 20619",wsanchez@example.org,801.509.1098x79379,01/09/1967,Kazakhstan
Karla Rodriguez,"202 Jones Knoll Apt. 910
East Paulchester, UT 39924",durhambrandon@example.org,458-957-3086x13425,07/12/1961,Western Sahara
Rhonda Collins,"7392 Mark Valley
Laneshire, SD 32317",douglas13@example.org,(603)407-0013,14/05/1957,Denmark
Michael Burton,"5765 Ross Crossroad Apt. 741
New Stephanie, MO 83214",krista66@example.org,(980)335-5654x67408,12/12/1997,Armenia
James Parrish,"513 Tyrone Glens Suite 969
Amymouth, NH 56914",zmendez@example.net,419.569.9964x5145,12/02/1952,Macao
Jasmine Rogers,"905 Benjamin Road
East Faith, MO 62043",timothy13@example.org,(879)292-0025x12374,16/11/2005,Myanmar
Nicole Roman,"227 Lisa Branch
Michaelville, GU 81770",tapiasusan@example.org,975.381.5848x307,22/10/1968,Saudi Arabia
Linda Terry,"2632 Kristina Rapids
Stephaniemouth, AS 16558",michael43@example.com,973.765.2368x296,23/05/1977,Saint Helena
Sharon Duncan,"40029 Brennan Haven Suite 678
Savageberg, WV 33510",dominiquemercer@example.net,001-999-574-3481x74715,28/12/1980,Bosnia and Herzegovina
Sarah Rojas,"421 Thomas Fork
Alexfurt, AS 09056",brandon02@example.org,001-831-407-8430x4978,14/08/1966,Bahamas
Steven Hutchinson,"04745 White Islands
East Willie, DC 47463",ybailey@example.net,(459)614-4418,17/10/1950,Holy See (Vatican City State)
William Owens,"264 Weiss Ridges Suite 568
Zacharyfurt, NJ 55962",louisnash@example.com,001-817-235-8615x5574,11/12/1983,India
Andrew Hooper,"71164 Howell Key
Jeffreyshire, MD 74667",hendersondylan@example.org,001-826-216-5593x643,10/11/1989,Georgia
Thomas Armstrong,"94646 Wilson Summit
Lake Michaelfort, PW 63267",melissa08@example.org,(330)368-6029,29/08/2004,Benin
Ryan Brown,"297 Caitlin Club
West Phillip, OR 74875",jeremiah85@example.net,633.561.1834x89052,04/08/1983,New Caledonia
Ashley Rivera,"620 Sarah Landing
East Benjamin, SC 40356",nicole71@example.net,6804506721,19/02/1960,Gambia
Steven Jackson,"7370 Jesse Grove Apt. 442
Port Shannon, DC 26732",shannonolson@example.net,+1-856-358-9548x3935,05/02/1979,El Salvador
Stephanie Adams,"6331 Manning Meadow Suite 261
North Rebeccafurt, MO 34335",randysweeney@example.com,(940)331-1399x155,04/03/1959,Liechtenstein
Leah Martin,"179 Aguirre Stream
New Lisastad, AR 60566",opeterson@example.org,001-856-748-6211x591,02/08/1952,Liechtenstein
Tanya Floyd,"9190 Edgar Rest Apt. 944
North Randyberg, NE 07207",breannamiller@example.org,438.623.2338,16/09/1974,Jamaica
Jack Ryan,"620 Philip Road Apt. 843
Brownville, MD 51401",phillip50@example.org,352.956.6585,10/02/1956,North Macedonia
Ashley Shepherd,"PSC 7764, Box 4255
APO AE 77514",joseramirez@example.net,(501)483-5623x01553,13/09/2000,Aruba
Jesse Murphy,"USNS Fields
FPO AA 86596",jody09@example.net,001-452-257-3649x4618,22/04/1947,Egypt
Jessica Horton,"Unit 1388 Box 7053
DPO AP 69362",courtneycortez@example.com,265-856-7288x14243,05/02/1966,Chile
Michael Mills,"062 Tricia Manors
Wardside, RI 49959",romeroerica@example.org,610-775-3038x141,08/01/1938,Jersey
Julie Martinez,"24511 Ross Pike Apt. 099
Christopherport, NY 17528",ryates@example.com,+1-824-849-0076x3253,26/04/1950,Djibouti
Monica Blevins,"1143 Baker Walk
Patriciaburgh, ND 28186",showard@example.net,+1-838-932-1833x9403,01/09/1970,Belize
Taylor Mack,"856 Gonzalez Turnpike Apt. 978
Meyersland, IA 71912",sarah45@example.com,799-621-3188,23/10/1956,Antarctica (the territory South of 60 deg S)
Juan Norton,"5240 Larson Viaduct
South Lisahaven, AS 02452",derekcastillo@example.org,+1-340-595-7190x6550,06/05/1980,Andorra
Jerry Hicks,"89701 Smith Squares
East Michellefurt, CO 04361",bianca79@example.org,518-651-2587,09/11/1935,Reunion
Jonathan Salinas,"4438 Clark Plain
New Matthew, AZ 66775",michaelpeters@example.org,406-682-4900,07/05/1976,Niger
Michael Wells,"00050 Gregory Locks Suite 847
Kramerside, WY 07952",oneilledwin@example.net,8915075451,24/07/1943,Canada
Mr. Francisco Jones,"3212 George Vista Suite 566
Kingtown, MA 48661",kyle66@example.net,(712)317-0167,01/03/2005,Cameroon
Richard Jones DDS,"6553 Perry Ports
Kevinmouth, MT 38856",juliafowler@example.net,680.500.3752x3573,06/10/1941,Tanzania
Ian Woods,"8095 Samuel Ways Apt. 009
Autumnmouth, OK 56560",wilsongeorge@example.org,(424)523-5791x851,27/10/1947,Denmark
Kenneth Hernandez,"736 Lee Bypass Apt. 806
Dannyport, PW 11001",shannonalexander@example.org,001-223-506-6959x978,18/02/1991,Estonia
Jacob Parker,"317 Madison Extensions
Knighthaven, MO 05051",nfox@example.net,(623)593-1370,03/03/1973,Mayotte
David Ashley,"624 Jennifer Plaza Apt. 226
Port Laurastad, CT 52265",wolson@example.org,259.461.1948x1406,23/07/1961,Liberia
Richard Long,"468 David Prairie
East Larry, WA 58369",alexandralane@example.net,001-846-806-6518,06/01/2005,Sri Lanka
Sara Cox,"69283 Michael Islands Apt. 560
New Samantha, CA 01773",ryan14@example.com,854.202.3971,01/06/1958,China
Christina Lara,"9286 Ronald Station Apt. 900
West Michael, DC 31168",duncandaniel@example.org,001-286-649-6336,15/12/1947,Malawi
Lori Irwin,"41149 Davidson Coves
New Jamieborough, WI 68019",qsampson@example.com,001-708-251-0240,18/03/1987,Grenada
Daniel Wilson,"09516 Joseph Valleys
North Christopher, VA 36201",dmoore@example.org,935.691.0794,03/12/1980,Finland
Brenda Lopez,"05619 Elizabeth Drives Suite 289
West Elizabethside, PA 44772",robertmiles@example.com,8376866518,20/12/1962,Haiti
Carla Martin,"84763 Joyce Drives
Lake Kristina, LA 61466",reginarivera@example.net,+1-548-691-4158x604,26/09/1959,Rwanda
Tina Torres,"PSC 3676, Box 8110
APO AP 35449",donna19@example.net,001-558-346-9070x81807,03/01/1982,Namibia
Clayton Bailey,"01614 Christine Oval
East Shawnbury, TN 05357",lauren41@example.net,6844770800,21/06/1979,Turkey
Eric Morton,"9494 Rios Points Suite 422
Port Stephanieborough, AR 45027",michelle34@example.com,+1-506-802-6001,02/03/1965,Equatorial Guinea
Daniel Mills,"782 Jamie Coves
Michaelview, CA 26414",donald07@example.com,517-873-4617,27/05/1977,Holy See (Vatican City State)
Brittany Rice,"82799 Knight Avenue Suite 583
Walshmouth, OK 53522",odeleon@example.org,001-757-891-2580x124,22/03/1991,Peru
Daniel Johnson,"40934 Kidd Gardens
South Krystal, NE 40613",ygonzales@example.net,464-318-9714,07/04/2000,New Zealand
David Lloyd,"8153 Hamilton Rest
Martinview, AS 69993",klambert@example.com,5278782622,19/05/1936,Antigua and Barbuda
Stacy Hall,"7300 Martin Canyon
Port Eric, MS 07566",brendafox@example.org,345-515-5628x986,20/06/1946,Syrian Arab Republic
Brett Sanchez,"16211 Kelsey Branch Suite 678
Apriltown, NC 74817",russellcameron@example.net,6284691905,19/04/1976,Liechtenstein
John Colon,"44145 Ashley Key
Williamschester, AS 10577",angelamora@example.org,(642)932-7146,06/01/1988,Bahrain
Timothy Jones,"706 April Prairie
Blackside, IN 45216",justin43@example.net,(532)851-2467,10/04/1959,Gambia
Wendy Adams,"50947 Moss Inlet
Whitechester, NM 59111",ihodge@example.com,430.298.5097x0449,09/04/1946,Grenada
Courtney Vang,"8199 Hall Tunnel Apt. 584
Alanshire, WY 40839",qmosley@example.org,001-848-201-1307x769,26/08/1933,Senegal
Brad Hall,"02331 Sanders Roads Apt. 986
Martinezstad, WA 10132",prestonmichael@example.com,754.263.5641,04/08/1936,Anguilla
Bradley Orozco,"00366 Shawn Junctions Apt. 829
East Karenshire, ND 81493",haletimothy@example.net,2882962503,12/02/1991,Suriname
Christina Roberts,"63793 Ware Point Suite 398
Stuarttown, ND 48370",rwilliams@example.org,+1-815-921-3643x1789,09/10/2002,Northern Mariana Islands
Veronica Jones,"8518 Rodriguez Pike
Marieton, AZ 53994",tonya01@example.net,+1-411-934-6651,21/12/1967,Peru
Christopher Valdez,"78814 Smith Stravenue Apt. 587
Mcmahonville, FL 01755",moorekendra@example.net,(488)910-1419,12/01/1962,Antarctica (the territory South of 60 deg S)
Zachary Hill,"8193 Kennedy Viaduct Apt. 765
Port Joseph, HI 99568",stacybridges@example.net,+1-967-266-3254,12/10/1971,Tonga
Elizabeth Trujillo,"5977 Kelly Overpass
Westeeee Matthewview, CT 78525",qelliott@example.net,+1-667-674-5953,01/11/1944,Puerto Rico
